--
-- PostgreSQL database dump
--

\restrict fHWUp28Ixzc8XvjcddZe0RhUGryG9k928FihyLXNvK1nt8riOZYhftYeV1dyIZB

-- Dumped from database version 15.15
-- Dumped by pg_dump version 15.15

SET statement_timeout = 0;
SET lock_timeout = 0;
SET idle_in_transaction_session_timeout = 0;
SET client_encoding = 'UTF8';
SET standard_conforming_strings = on;
SELECT pg_catalog.set_config('search_path', '', false);
SET check_function_bodies = false;
SET xmloption = content;
SET client_min_messages = warning;
SET row_security = off;

SET default_tablespace = '';

SET default_table_access_method = heap;

--
-- Name: auth_group; Type: TABLE; Schema: public; Owner: atlas_user
--

CREATE TABLE public.auth_group (
    id integer NOT NULL,
    name character varying(150) NOT NULL
);


ALTER TABLE public.auth_group OWNER TO atlas_user;

--
-- Name: auth_group_id_seq; Type: SEQUENCE; Schema: public; Owner: atlas_user
--

ALTER TABLE public.auth_group ALTER COLUMN id ADD GENERATED BY DEFAULT AS IDENTITY (
    SEQUENCE NAME public.auth_group_id_seq
    START WITH 1
    INCREMENT BY 1
    NO MINVALUE
    NO MAXVALUE
    CACHE 1
);


--
-- Name: auth_group_permissions; Type: TABLE; Schema: public; Owner: atlas_user
--

CREATE TABLE public.auth_group_permissions (
    id bigint NOT NULL,
    group_id integer NOT NULL,
    permission_id integer NOT NULL
);


ALTER TABLE public.auth_group_permissions OWNER TO atlas_user;

--
-- Name: auth_group_permissions_id_seq; Type: SEQUENCE; Schema: public; Owner: atlas_user
--

ALTER TABLE public.auth_group_permissions ALTER COLUMN id ADD GENERATED BY DEFAULT AS IDENTITY (
    SEQUENCE NAME public.auth_group_permissions_id_seq
    START WITH 1
    INCREMENT BY 1
    NO MINVALUE
    NO MAXVALUE
    CACHE 1
);


--
-- Name: auth_permission; Type: TABLE; Schema: public; Owner: atlas_user
--

CREATE TABLE public.auth_permission (
    id integer NOT NULL,
    name character varying(255) NOT NULL,
    content_type_id integer NOT NULL,
    codename character varying(100) NOT NULL
);


ALTER TABLE public.auth_permission OWNER TO atlas_user;

--
-- Name: auth_permission_id_seq; Type: SEQUENCE; Schema: public; Owner: atlas_user
--

ALTER TABLE public.auth_permission ALTER COLUMN id ADD GENERATED BY DEFAULT AS IDENTITY (
    SEQUENCE NAME public.auth_permission_id_seq
    START WITH 1
    INCREMENT BY 1
    NO MINVALUE
    NO MAXVALUE
    CACHE 1
);


--
-- Name: auth_user; Type: TABLE; Schema: public; Owner: atlas_user
--

CREATE TABLE public.auth_user (
    id integer NOT NULL,
    password character varying(128) NOT NULL,
    last_login timestamp with time zone,
    is_superuser boolean NOT NULL,
    username character varying(150) NOT NULL,
    first_name character varying(150) NOT NULL,
    last_name character varying(150) NOT NULL,
    email character varying(254) NOT NULL,
    is_staff boolean NOT NULL,
    is_active boolean NOT NULL,
    date_joined timestamp with time zone NOT NULL
);


ALTER TABLE public.auth_user OWNER TO atlas_user;

--
-- Name: auth_user_groups; Type: TABLE; Schema: public; Owner: atlas_user
--

CREATE TABLE public.auth_user_groups (
    id bigint NOT NULL,
    user_id integer NOT NULL,
    group_id integer NOT NULL
);


ALTER TABLE public.auth_user_groups OWNER TO atlas_user;

--
-- Name: auth_user_groups_id_seq; Type: SEQUENCE; Schema: public; Owner: atlas_user
--

ALTER TABLE public.auth_user_groups ALTER COLUMN id ADD GENERATED BY DEFAULT AS IDENTITY (
    SEQUENCE NAME public.auth_user_groups_id_seq
    START WITH 1
    INCREMENT BY 1
    NO MINVALUE
    NO MAXVALUE
    CACHE 1
);


--
-- Name: auth_user_id_seq; Type: SEQUENCE; Schema: public; Owner: atlas_user
--

ALTER TABLE public.auth_user ALTER COLUMN id ADD GENERATED BY DEFAULT AS IDENTITY (
    SEQUENCE NAME public.auth_user_id_seq
    START WITH 1
    INCREMENT BY 1
    NO MINVALUE
    NO MAXVALUE
    CACHE 1
);


--
-- Name: auth_user_user_permissions; Type: TABLE; Schema: public; Owner: atlas_user
--

CREATE TABLE public.auth_user_user_permissions (
    id bigint NOT NULL,
    user_id integer NOT NULL,
    permission_id integer NOT NULL
);


ALTER TABLE public.auth_user_user_permissions OWNER TO atlas_user;

--
-- Name: auth_user_user_permissions_id_seq; Type: SEQUENCE; Schema: public; Owner: atlas_user
--

ALTER TABLE public.auth_user_user_permissions ALTER COLUMN id ADD GENERATED BY DEFAULT AS IDENTITY (
    SEQUENCE NAME public.auth_user_user_permissions_id_seq
    START WITH 1
    INCREMENT BY 1
    NO MINVALUE
    NO MAXVALUE
    CACHE 1
);


--
-- Name: django_admin_log; Type: TABLE; Schema: public; Owner: atlas_user
--

CREATE TABLE public.django_admin_log (
    id integer NOT NULL,
    action_time timestamp with time zone NOT NULL,
    object_id text,
    object_repr character varying(200) NOT NULL,
    action_flag smallint NOT NULL,
    change_message text NOT NULL,
    content_type_id integer,
    user_id integer NOT NULL,
    CONSTRAINT django_admin_log_action_flag_check CHECK ((action_flag >= 0))
);


ALTER TABLE public.django_admin_log OWNER TO atlas_user;

--
-- Name: django_admin_log_id_seq; Type: SEQUENCE; Schema: public; Owner: atlas_user
--

ALTER TABLE public.django_admin_log ALTER COLUMN id ADD GENERATED BY DEFAULT AS IDENTITY (
    SEQUENCE NAME public.django_admin_log_id_seq
    START WITH 1
    INCREMENT BY 1
    NO MINVALUE
    NO MAXVALUE
    CACHE 1
);


--
-- Name: django_content_type; Type: TABLE; Schema: public; Owner: atlas_user
--

CREATE TABLE public.django_content_type (
    id integer NOT NULL,
    app_label character varying(100) NOT NULL,
    model character varying(100) NOT NULL
);


ALTER TABLE public.django_content_type OWNER TO atlas_user;

--
-- Name: django_content_type_id_seq; Type: SEQUENCE; Schema: public; Owner: atlas_user
--

ALTER TABLE public.django_content_type ALTER COLUMN id ADD GENERATED BY DEFAULT AS IDENTITY (
    SEQUENCE NAME public.django_content_type_id_seq
    START WITH 1
    INCREMENT BY 1
    NO MINVALUE
    NO MAXVALUE
    CACHE 1
);


--
-- Name: django_migrations; Type: TABLE; Schema: public; Owner: atlas_user
--

CREATE TABLE public.django_migrations (
    id bigint NOT NULL,
    app character varying(255) NOT NULL,
    name character varying(255) NOT NULL,
    applied timestamp with time zone NOT NULL
);


ALTER TABLE public.django_migrations OWNER TO atlas_user;

--
-- Name: django_migrations_id_seq; Type: SEQUENCE; Schema: public; Owner: atlas_user
--

ALTER TABLE public.django_migrations ALTER COLUMN id ADD GENERATED BY DEFAULT AS IDENTITY (
    SEQUENCE NAME public.django_migrations_id_seq
    START WITH 1
    INCREMENT BY 1
    NO MINVALUE
    NO MAXVALUE
    CACHE 1
);


--
-- Name: django_session; Type: TABLE; Schema: public; Owner: atlas_user
--

CREATE TABLE public.django_session (
    session_key character varying(40) NOT NULL,
    session_data text NOT NULL,
    expire_date timestamp with time zone NOT NULL
);


ALTER TABLE public.django_session OWNER TO atlas_user;

--
-- Name: projects_project; Type: TABLE; Schema: public; Owner: atlas_user
--

CREATE TABLE public.projects_project (
    id bigint NOT NULL,
    name character varying(200) NOT NULL,
    description text NOT NULL,
    created_at timestamp with time zone NOT NULL,
    owner_id integer NOT NULL
);


ALTER TABLE public.projects_project OWNER TO atlas_user;

--
-- Name: projects_project_id_seq; Type: SEQUENCE; Schema: public; Owner: atlas_user
--

ALTER TABLE public.projects_project ALTER COLUMN id ADD GENERATED BY DEFAULT AS IDENTITY (
    SEQUENCE NAME public.projects_project_id_seq
    START WITH 1
    INCREMENT BY 1
    NO MINVALUE
    NO MAXVALUE
    CACHE 1
);


--
-- Name: refresh_token_refreshtoken; Type: TABLE; Schema: public; Owner: atlas_user
--

CREATE TABLE public.refresh_token_refreshtoken (
    id bigint NOT NULL,
    token character varying(255) NOT NULL,
    created timestamp with time zone NOT NULL,
    revoked timestamp with time zone,
    user_id integer NOT NULL
);


ALTER TABLE public.refresh_token_refreshtoken OWNER TO atlas_user;

--
-- Name: refresh_token_refreshtoken_id_seq; Type: SEQUENCE; Schema: public; Owner: atlas_user
--

ALTER TABLE public.refresh_token_refreshtoken ALTER COLUMN id ADD GENERATED BY DEFAULT AS IDENTITY (
    SEQUENCE NAME public.refresh_token_refreshtoken_id_seq
    START WITH 1
    INCREMENT BY 1
    NO MINVALUE
    NO MAXVALUE
    CACHE 1
);


--
-- Name: tasks_action; Type: TABLE; Schema: public; Owner: atlas_user
--

CREATE TABLE public.tasks_action (
    id bigint NOT NULL,
    description text NOT NULL,
    created_at timestamp with time zone NOT NULL,
    created_by_id integer NOT NULL,
    task_id bigint NOT NULL
);


ALTER TABLE public.tasks_action OWNER TO atlas_user;

--
-- Name: tasks_action_id_seq; Type: SEQUENCE; Schema: public; Owner: atlas_user
--

ALTER TABLE public.tasks_action ALTER COLUMN id ADD GENERATED BY DEFAULT AS IDENTITY (
    SEQUENCE NAME public.tasks_action_id_seq
    START WITH 1
    INCREMENT BY 1
    NO MINVALUE
    NO MAXVALUE
    CACHE 1
);


--
-- Name: tasks_task; Type: TABLE; Schema: public; Owner: atlas_user
--

CREATE TABLE public.tasks_task (
    id bigint NOT NULL,
    title character varying(200) NOT NULL,
    description text NOT NULL,
    status character varying(20) NOT NULL,
    created_at timestamp with time zone NOT NULL,
    project_id bigint NOT NULL,
    created_by_id integer NOT NULL
);


ALTER TABLE public.tasks_task OWNER TO atlas_user;

--
-- Name: tasks_task_id_seq; Type: SEQUENCE; Schema: public; Owner: atlas_user
--

ALTER TABLE public.tasks_task ALTER COLUMN id ADD GENERATED BY DEFAULT AS IDENTITY (
    SEQUENCE NAME public.tasks_task_id_seq
    START WITH 1
    INCREMENT BY 1
    NO MINVALUE
    NO MAXVALUE
    CACHE 1
);


--
-- Data for Name: auth_group; Type: TABLE DATA; Schema: public; Owner: atlas_user
--

COPY public.auth_group (id, name) FROM stdin;
\.


--
-- Data for Name: auth_group_permissions; Type: TABLE DATA; Schema: public; Owner: atlas_user
--

COPY public.auth_group_permissions (id, group_id, permission_id) FROM stdin;
\.


--
-- Data for Name: auth_permission; Type: TABLE DATA; Schema: public; Owner: atlas_user
--

COPY public.auth_permission (id, name, content_type_id, codename) FROM stdin;
1	Can add log entry	1	add_logentry
2	Can change log entry	1	change_logentry
3	Can delete log entry	1	delete_logentry
4	Can view log entry	1	view_logentry
5	Can add permission	3	add_permission
6	Can change permission	3	change_permission
7	Can delete permission	3	delete_permission
8	Can view permission	3	view_permission
9	Can add group	2	add_group
10	Can change group	2	change_group
11	Can delete group	2	delete_group
12	Can view group	2	view_group
13	Can add user	4	add_user
14	Can change user	4	change_user
15	Can delete user	4	delete_user
16	Can view user	4	view_user
17	Can add content type	5	add_contenttype
18	Can change content type	5	change_contenttype
19	Can delete content type	5	delete_contenttype
20	Can view content type	5	view_contenttype
21	Can add session	6	add_session
22	Can change session	6	change_session
23	Can delete session	6	delete_session
24	Can view session	6	view_session
25	Can add project	7	add_project
26	Can change project	7	change_project
27	Can delete project	7	delete_project
28	Can view project	7	view_project
29	Can add task	9	add_task
30	Can change task	9	change_task
31	Can delete task	9	delete_task
32	Can view task	9	view_task
33	Can add action	8	add_action
34	Can change action	8	change_action
35	Can delete action	8	delete_action
36	Can view action	8	view_action
37	Can add refresh token	10	add_refreshtoken
38	Can change refresh token	10	change_refreshtoken
39	Can delete refresh token	10	delete_refreshtoken
40	Can view refresh token	10	view_refreshtoken
\.


--
-- Data for Name: auth_user; Type: TABLE DATA; Schema: public; Owner: atlas_user
--

COPY public.auth_user (id, password, last_login, is_superuser, username, first_name, last_name, email, is_staff, is_active, date_joined) FROM stdin;
2	pbkdf2_sha256$1200000$w5YI2YVngb9Sdj4tdroUSF$dy9ph15w9p+O3lxNTsQVGpEIbX4Dk0bh2OUZ5tC81fc=	\N	f	bob				f	t	2026-02-08 05:26:30.050262+00
1	pbkdf2_sha256$1200000$gKySkE6YNnF6R4hUy2XaAF$ljk3VIH32+iihN1pyzew64bKxn73EAByIwg9XiC3NIs=	2026-02-08 04:59:55.482683+00	t	admin			admin@example.com	t	t	2026-02-05 22:31:43.232406+00
\.


--
-- Data for Name: auth_user_groups; Type: TABLE DATA; Schema: public; Owner: atlas_user
--

COPY public.auth_user_groups (id, user_id, group_id) FROM stdin;
\.


--
-- Data for Name: auth_user_user_permissions; Type: TABLE DATA; Schema: public; Owner: atlas_user
--

COPY public.auth_user_user_permissions (id, user_id, permission_id) FROM stdin;
\.


--
-- Data for Name: django_admin_log; Type: TABLE DATA; Schema: public; Owner: atlas_user
--

COPY public.django_admin_log (id, action_time, object_id, object_repr, action_flag, change_message, content_type_id, user_id) FROM stdin;
1	2026-02-08 05:26:30.63965+00	2	bob	1	[{"added": {}}]	4	1
\.


--
-- Data for Name: django_content_type; Type: TABLE DATA; Schema: public; Owner: atlas_user
--

COPY public.django_content_type (id, app_label, model) FROM stdin;
1	admin	logentry
2	auth	group
3	auth	permission
4	auth	user
5	contenttypes	contenttype
6	sessions	session
7	projects	project
8	tasks	action
9	tasks	task
10	refresh_token	refreshtoken
\.


--
-- Data for Name: django_migrations; Type: TABLE DATA; Schema: public; Owner: atlas_user
--

COPY public.django_migrations (id, app, name, applied) FROM stdin;
1	contenttypes	0001_initial	2026-02-05 22:31:38.348387+00
2	auth	0001_initial	2026-02-05 22:31:40.860337+00
3	admin	0001_initial	2026-02-05 22:31:40.919797+00
4	admin	0002_logentry_remove_auto_add	2026-02-05 22:31:40.929919+00
5	admin	0003_logentry_add_action_flag_choices	2026-02-05 22:31:40.945683+00
6	contenttypes	0002_remove_content_type_name	2026-02-05 22:31:41.014355+00
7	auth	0002_alter_permission_name_max_length	2026-02-05 22:31:41.029448+00
8	auth	0003_alter_user_email_max_length	2026-02-05 22:31:41.041404+00
9	auth	0004_alter_user_username_opts	2026-02-05 22:31:41.100798+00
10	auth	0005_alter_user_last_login_null	2026-02-05 22:31:41.282333+00
11	auth	0006_require_contenttypes_0002	2026-02-05 22:31:41.290445+00
12	auth	0007_alter_validators_add_error_messages	2026-02-05 22:31:41.308104+00
13	auth	0008_alter_user_username_max_length	2026-02-05 22:31:41.335042+00
14	auth	0009_alter_user_last_name_max_length	2026-02-05 22:31:41.347242+00
15	auth	0010_alter_group_name_max_length	2026-02-05 22:31:41.359524+00
16	auth	0011_update_proxy_permissions	2026-02-05 22:31:41.398632+00
17	auth	0012_alter_user_first_name_max_length	2026-02-05 22:31:41.41016+00
18	projects	0001_initial	2026-02-05 22:31:41.586136+00
19	projects	0002_remove_actor_name_remove_actor_role_and_more	2026-02-05 22:31:41.689316+00
20	projects	0003_remove_actor_user_delete_action_delete_actor	2026-02-05 22:31:41.913165+00
21	projects	0004_rename_created_at_project_createdat	2026-02-05 22:31:41.941523+00
22	projects	0005_rename_createdat_project_created_at	2026-02-05 22:31:41.961334+00
23	refresh_token	0001_initial	2026-02-05 22:31:42.015029+00
24	refresh_token	0002_auto_20190130_0900	2026-02-05 22:31:42.025845+00
25	sessions	0001_initial	2026-02-05 22:31:42.080216+00
26	tasks	0001_initial	2026-02-05 22:31:42.134041+00
27	tasks	0002_task_created_by_alter_task_status_alter_task_title	2026-02-05 22:31:42.235619+00
28	tasks	0003_action	2026-02-05 22:31:42.312182+00
29	tasks	0004_alter_action_created_by_alter_task_status	2026-02-05 22:31:42.338179+00
30	tasks	0005_alter_task_status	2026-02-05 22:31:42.350216+00
31	tasks	0006_rename_created_at_action_createdat_and_more	2026-02-05 22:31:42.413337+00
32	tasks	0007_rename_createdat_action_created_at_and_more	2026-02-05 22:31:42.488761+00
\.


--
-- Data for Name: django_session; Type: TABLE DATA; Schema: public; Owner: atlas_user
--

COPY public.django_session (session_key, session_data, expire_date) FROM stdin;
lk77d346quydzeix4qg09krmu99xquki	.eJxVjEEOwiAQRe_C2pACw0BcuvcMZICpVA1NSrtqvLs06UK3_73_dhFoW0vYGi9hyuIqlLj8bpHSi-sB8pPqY5ZprusyRXko8qRN3ufM79vp_gUKtdLfmpJBpyFro8AYYJccUILYE2it9eANKIeRuwPRoxrSOFg7cibDiOLzBcXwN2Y:1voVy4:BRlsQr1oJy6gaBlxOaCoLcjibWK4DF7WexYywH_-v6A	2026-02-21 00:14:32.97715+00
bh7o2wd69ul9s3p20tskealqipo8q85j	.eJxVjEEOwiAQRe_C2pACw0BcuvcMZICpVA1NSrtqvLs06UK3_73_dhFoW0vYGi9hyuIqlLj8bpHSi-sB8pPqY5ZprusyRXko8qRN3ufM79vp_gUKtdLfmpJBpyFro8AYYJccUILYE2it9eANKIeRuwPRoxrSOFg7cibDiOLzBcXwN2Y:1vowtn:pzenoFaftEFTAv1sI25RSyuN1Y6H557DUciR7LdVnLU	2026-02-22 04:59:55.487062+00
\.


--
-- Data for Name: projects_project; Type: TABLE DATA; Schema: public; Owner: atlas_user
--

COPY public.projects_project (id, name, description, created_at, owner_id) FROM stdin;
1	Homeless Outreach		2026-02-07 00:50:23.468006+00	1
\.


--
-- Data for Name: refresh_token_refreshtoken; Type: TABLE DATA; Schema: public; Owner: atlas_user
--

COPY public.refresh_token_refreshtoken (id, token, created, revoked, user_id) FROM stdin;
\.


--
-- Data for Name: tasks_action; Type: TABLE DATA; Schema: public; Owner: atlas_user
--

COPY public.tasks_action (id, description, created_at, created_by_id, task_id) FROM stdin;
1	gave tent	2026-02-08 03:49:36.227275+00	1	1
2	gave wool blankets	2026-02-08 05:15:28.895874+00	1	1
\.


--
-- Data for Name: tasks_task; Type: TABLE DATA; Schema: public; Owner: atlas_user
--

COPY public.tasks_task (id, title, description, status, created_at, project_id, created_by_id) FROM stdin;
1	Look for homeless people		pending	2026-02-08 03:49:01.848948+00	1	1
\.


--
-- Name: auth_group_id_seq; Type: SEQUENCE SET; Schema: public; Owner: atlas_user
--

SELECT pg_catalog.setval('public.auth_group_id_seq', 1, false);


--
-- Name: auth_group_permissions_id_seq; Type: SEQUENCE SET; Schema: public; Owner: atlas_user
--

SELECT pg_catalog.setval('public.auth_group_permissions_id_seq', 1, false);


--
-- Name: auth_permission_id_seq; Type: SEQUENCE SET; Schema: public; Owner: atlas_user
--

SELECT pg_catalog.setval('public.auth_permission_id_seq', 40, true);


--
-- Name: auth_user_groups_id_seq; Type: SEQUENCE SET; Schema: public; Owner: atlas_user
--

SELECT pg_catalog.setval('public.auth_user_groups_id_seq', 1, false);


--
-- Name: auth_user_id_seq; Type: SEQUENCE SET; Schema: public; Owner: atlas_user
--

SELECT pg_catalog.setval('public.auth_user_id_seq', 2, true);


--
-- Name: auth_user_user_permissions_id_seq; Type: SEQUENCE SET; Schema: public; Owner: atlas_user
--

SELECT pg_catalog.setval('public.auth_user_user_permissions_id_seq', 1, false);


--
-- Name: django_admin_log_id_seq; Type: SEQUENCE SET; Schema: public; Owner: atlas_user
--

SELECT pg_catalog.setval('public.django_admin_log_id_seq', 1, true);


--
-- Name: django_content_type_id_seq; Type: SEQUENCE SET; Schema: public; Owner: atlas_user
--

SELECT pg_catalog.setval('public.django_content_type_id_seq', 10, true);


--
-- Name: django_migrations_id_seq; Type: SEQUENCE SET; Schema: public; Owner: atlas_user
--

SELECT pg_catalog.setval('public.django_migrations_id_seq', 32, true);


--
-- Name: projects_project_id_seq; Type: SEQUENCE SET; Schema: public; Owner: atlas_user
--

SELECT pg_catalog.setval('public.projects_project_id_seq', 1, true);


--
-- Name: refresh_token_refreshtoken_id_seq; Type: SEQUENCE SET; Schema: public; Owner: atlas_user
--

SELECT pg_catalog.setval('public.refresh_token_refreshtoken_id_seq', 1, false);


--
-- Name: tasks_action_id_seq; Type: SEQUENCE SET; Schema: public; Owner: atlas_user
--

SELECT pg_catalog.setval('public.tasks_action_id_seq', 2, true);


--
-- Name: tasks_task_id_seq; Type: SEQUENCE SET; Schema: public; Owner: atlas_user
--

SELECT pg_catalog.setval('public.tasks_task_id_seq', 1, true);


--
-- Name: auth_group auth_group_name_key; Type: CONSTRAINT; Schema: public; Owner: atlas_user
--

ALTER TABLE ONLY public.auth_group
    ADD CONSTRAINT auth_group_name_key UNIQUE (name);


--
-- Name: auth_group_permissions auth_group_permissions_group_id_permission_id_0cd325b0_uniq; Type: CONSTRAINT; Schema: public; Owner: atlas_user
--

ALTER TABLE ONLY public.auth_group_permissions
    ADD CONSTRAINT auth_group_permissions_group_id_permission_id_0cd325b0_uniq UNIQUE (group_id, permission_id);


--
-- Name: auth_group_permissions auth_group_permissions_pkey; Type: CONSTRAINT; Schema: public; Owner: atlas_user
--

ALTER TABLE ONLY public.auth_group_permissions
    ADD CONSTRAINT auth_group_permissions_pkey PRIMARY KEY (id);


--
-- Name: auth_group auth_group_pkey; Type: CONSTRAINT; Schema: public; Owner: atlas_user
--

ALTER TABLE ONLY public.auth_group
    ADD CONSTRAINT auth_group_pkey PRIMARY KEY (id);


--
-- Name: auth_permission auth_permission_content_type_id_codename_01ab375a_uniq; Type: CONSTRAINT; Schema: public; Owner: atlas_user
--

ALTER TABLE ONLY public.auth_permission
    ADD CONSTRAINT auth_permission_content_type_id_codename_01ab375a_uniq UNIQUE (content_type_id, codename);


--
-- Name: auth_permission auth_permission_pkey; Type: CONSTRAINT; Schema: public; Owner: atlas_user
--

ALTER TABLE ONLY public.auth_permission
    ADD CONSTRAINT auth_permission_pkey PRIMARY KEY (id);


--
-- Name: auth_user_groups auth_user_groups_pkey; Type: CONSTRAINT; Schema: public; Owner: atlas_user
--

ALTER TABLE ONLY public.auth_user_groups
    ADD CONSTRAINT auth_user_groups_pkey PRIMARY KEY (id);


--
-- Name: auth_user_groups auth_user_groups_user_id_group_id_94350c0c_uniq; Type: CONSTRAINT; Schema: public; Owner: atlas_user
--

ALTER TABLE ONLY public.auth_user_groups
    ADD CONSTRAINT auth_user_groups_user_id_group_id_94350c0c_uniq UNIQUE (user_id, group_id);


--
-- Name: auth_user auth_user_pkey; Type: CONSTRAINT; Schema: public; Owner: atlas_user
--

ALTER TABLE ONLY public.auth_user
    ADD CONSTRAINT auth_user_pkey PRIMARY KEY (id);


--
-- Name: auth_user_user_permissions auth_user_user_permissions_pkey; Type: CONSTRAINT; Schema: public; Owner: atlas_user
--

ALTER TABLE ONLY public.auth_user_user_permissions
    ADD CONSTRAINT auth_user_user_permissions_pkey PRIMARY KEY (id);


--
-- Name: auth_user_user_permissions auth_user_user_permissions_user_id_permission_id_14a6b632_uniq; Type: CONSTRAINT; Schema: public; Owner: atlas_user
--

ALTER TABLE ONLY public.auth_user_user_permissions
    ADD CONSTRAINT auth_user_user_permissions_user_id_permission_id_14a6b632_uniq UNIQUE (user_id, permission_id);


--
-- Name: auth_user auth_user_username_key; Type: CONSTRAINT; Schema: public; Owner: atlas_user
--

ALTER TABLE ONLY public.auth_user
    ADD CONSTRAINT auth_user_username_key UNIQUE (username);


--
-- Name: django_admin_log django_admin_log_pkey; Type: CONSTRAINT; Schema: public; Owner: atlas_user
--

ALTER TABLE ONLY public.django_admin_log
    ADD CONSTRAINT django_admin_log_pkey PRIMARY KEY (id);


--
-- Name: django_content_type django_content_type_app_label_model_76bd3d3b_uniq; Type: CONSTRAINT; Schema: public; Owner: atlas_user
--

ALTER TABLE ONLY public.django_content_type
    ADD CONSTRAINT django_content_type_app_label_model_76bd3d3b_uniq UNIQUE (app_label, model);


--
-- Name: django_content_type django_content_type_pkey; Type: CONSTRAINT; Schema: public; Owner: atlas_user
--

ALTER TABLE ONLY public.django_content_type
    ADD CONSTRAINT django_content_type_pkey PRIMARY KEY (id);


--
-- Name: django_migrations django_migrations_pkey; Type: CONSTRAINT; Schema: public; Owner: atlas_user
--

ALTER TABLE ONLY public.django_migrations
    ADD CONSTRAINT django_migrations_pkey PRIMARY KEY (id);


--
-- Name: django_session django_session_pkey; Type: CONSTRAINT; Schema: public; Owner: atlas_user
--

ALTER TABLE ONLY public.django_session
    ADD CONSTRAINT django_session_pkey PRIMARY KEY (session_key);


--
-- Name: projects_project projects_project_pkey; Type: CONSTRAINT; Schema: public; Owner: atlas_user
--

ALTER TABLE ONLY public.projects_project
    ADD CONSTRAINT projects_project_pkey PRIMARY KEY (id);


--
-- Name: refresh_token_refreshtoken refresh_token_refreshtoken_pkey; Type: CONSTRAINT; Schema: public; Owner: atlas_user
--

ALTER TABLE ONLY public.refresh_token_refreshtoken
    ADD CONSTRAINT refresh_token_refreshtoken_pkey PRIMARY KEY (id);


--
-- Name: refresh_token_refreshtoken refresh_token_refreshtoken_token_revoked_b683a545_uniq; Type: CONSTRAINT; Schema: public; Owner: atlas_user
--

ALTER TABLE ONLY public.refresh_token_refreshtoken
    ADD CONSTRAINT refresh_token_refreshtoken_token_revoked_b683a545_uniq UNIQUE (token, revoked);


--
-- Name: tasks_action tasks_action_pkey; Type: CONSTRAINT; Schema: public; Owner: atlas_user
--

ALTER TABLE ONLY public.tasks_action
    ADD CONSTRAINT tasks_action_pkey PRIMARY KEY (id);


--
-- Name: tasks_task tasks_task_pkey; Type: CONSTRAINT; Schema: public; Owner: atlas_user
--

ALTER TABLE ONLY public.tasks_task
    ADD CONSTRAINT tasks_task_pkey PRIMARY KEY (id);


--
-- Name: auth_group_name_a6ea08ec_like; Type: INDEX; Schema: public; Owner: atlas_user
--

CREATE INDEX auth_group_name_a6ea08ec_like ON public.auth_group USING btree (name varchar_pattern_ops);


--
-- Name: auth_group_permissions_group_id_b120cbf9; Type: INDEX; Schema: public; Owner: atlas_user
--

CREATE INDEX auth_group_permissions_group_id_b120cbf9 ON public.auth_group_permissions USING btree (group_id);


--
-- Name: auth_group_permissions_permission_id_84c5c92e; Type: INDEX; Schema: public; Owner: atlas_user
--

CREATE INDEX auth_group_permissions_permission_id_84c5c92e ON public.auth_group_permissions USING btree (permission_id);


--
-- Name: auth_permission_content_type_id_2f476e4b; Type: INDEX; Schema: public; Owner: atlas_user
--

CREATE INDEX auth_permission_content_type_id_2f476e4b ON public.auth_permission USING btree (content_type_id);


--
-- Name: auth_user_groups_group_id_97559544; Type: INDEX; Schema: public; Owner: atlas_user
--

CREATE INDEX auth_user_groups_group_id_97559544 ON public.auth_user_groups USING btree (group_id);


--
-- Name: auth_user_groups_user_id_6a12ed8b; Type: INDEX; Schema: public; Owner: atlas_user
--

CREATE INDEX auth_user_groups_user_id_6a12ed8b ON public.auth_user_groups USING btree (user_id);


--
-- Name: auth_user_user_permissions_permission_id_1fbb5f2c; Type: INDEX; Schema: public; Owner: atlas_user
--

CREATE INDEX auth_user_user_permissions_permission_id_1fbb5f2c ON public.auth_user_user_permissions USING btree (permission_id);


--
-- Name: auth_user_user_permissions_user_id_a95ead1b; Type: INDEX; Schema: public; Owner: atlas_user
--

CREATE INDEX auth_user_user_permissions_user_id_a95ead1b ON public.auth_user_user_permissions USING btree (user_id);


--
-- Name: auth_user_username_6821ab7c_like; Type: INDEX; Schema: public; Owner: atlas_user
--

CREATE INDEX auth_user_username_6821ab7c_like ON public.auth_user USING btree (username varchar_pattern_ops);


--
-- Name: django_admin_log_content_type_id_c4bce8eb; Type: INDEX; Schema: public; Owner: atlas_user
--

CREATE INDEX django_admin_log_content_type_id_c4bce8eb ON public.django_admin_log USING btree (content_type_id);


--
-- Name: django_admin_log_user_id_c564eba6; Type: INDEX; Schema: public; Owner: atlas_user
--

CREATE INDEX django_admin_log_user_id_c564eba6 ON public.django_admin_log USING btree (user_id);


--
-- Name: django_session_expire_date_a5c62663; Type: INDEX; Schema: public; Owner: atlas_user
--

CREATE INDEX django_session_expire_date_a5c62663 ON public.django_session USING btree (expire_date);


--
-- Name: django_session_session_key_c0390e0f_like; Type: INDEX; Schema: public; Owner: atlas_user
--

CREATE INDEX django_session_session_key_c0390e0f_like ON public.django_session USING btree (session_key varchar_pattern_ops);


--
-- Name: projects_project_owner_id_b940de39; Type: INDEX; Schema: public; Owner: atlas_user
--

CREATE INDEX projects_project_owner_id_b940de39 ON public.projects_project USING btree (owner_id);


--
-- Name: refresh_token_refreshtoken_user_id_45383307; Type: INDEX; Schema: public; Owner: atlas_user
--

CREATE INDEX refresh_token_refreshtoken_user_id_45383307 ON public.refresh_token_refreshtoken USING btree (user_id);


--
-- Name: tasks_action_created_by_id_70c9ec16; Type: INDEX; Schema: public; Owner: atlas_user
--

CREATE INDEX tasks_action_created_by_id_70c9ec16 ON public.tasks_action USING btree (created_by_id);


--
-- Name: tasks_action_task_id_4ca84a62; Type: INDEX; Schema: public; Owner: atlas_user
--

CREATE INDEX tasks_action_task_id_4ca84a62 ON public.tasks_action USING btree (task_id);


--
-- Name: tasks_task_created_by_id_1345568a; Type: INDEX; Schema: public; Owner: atlas_user
--

CREATE INDEX tasks_task_created_by_id_1345568a ON public.tasks_task USING btree (created_by_id);


--
-- Name: tasks_task_project_id_a2815f0c; Type: INDEX; Schema: public; Owner: atlas_user
--

CREATE INDEX tasks_task_project_id_a2815f0c ON public.tasks_task USING btree (project_id);


--
-- Name: auth_group_permissions auth_group_permissio_permission_id_84c5c92e_fk_auth_perm; Type: FK CONSTRAINT; Schema: public; Owner: atlas_user
--

ALTER TABLE ONLY public.auth_group_permissions
    ADD CONSTRAINT auth_group_permissio_permission_id_84c5c92e_fk_auth_perm FOREIGN KEY (permission_id) REFERENCES public.auth_permission(id) DEFERRABLE INITIALLY DEFERRED;


--
-- Name: auth_group_permissions auth_group_permissions_group_id_b120cbf9_fk_auth_group_id; Type: FK CONSTRAINT; Schema: public; Owner: atlas_user
--

ALTER TABLE ONLY public.auth_group_permissions
    ADD CONSTRAINT auth_group_permissions_group_id_b120cbf9_fk_auth_group_id FOREIGN KEY (group_id) REFERENCES public.auth_group(id) DEFERRABLE INITIALLY DEFERRED;


--
-- Name: auth_permission auth_permission_content_type_id_2f476e4b_fk_django_co; Type: FK CONSTRAINT; Schema: public; Owner: atlas_user
--

ALTER TABLE ONLY public.auth_permission
    ADD CONSTRAINT auth_permission_content_type_id_2f476e4b_fk_django_co FOREIGN KEY (content_type_id) REFERENCES public.django_content_type(id) DEFERRABLE INITIALLY DEFERRED;


--
-- Name: auth_user_groups auth_user_groups_group_id_97559544_fk_auth_group_id; Type: FK CONSTRAINT; Schema: public; Owner: atlas_user
--

ALTER TABLE ONLY public.auth_user_groups
    ADD CONSTRAINT auth_user_groups_group_id_97559544_fk_auth_group_id FOREIGN KEY (group_id) REFERENCES public.auth_group(id) DEFERRABLE INITIALLY DEFERRED;


--
-- Name: auth_user_groups auth_user_groups_user_id_6a12ed8b_fk_auth_user_id; Type: FK CONSTRAINT; Schema: public; Owner: atlas_user
--

ALTER TABLE ONLY public.auth_user_groups
    ADD CONSTRAINT auth_user_groups_user_id_6a12ed8b_fk_auth_user_id FOREIGN KEY (user_id) REFERENCES public.auth_user(id) DEFERRABLE INITIALLY DEFERRED;


--
-- Name: auth_user_user_permissions auth_user_user_permi_permission_id_1fbb5f2c_fk_auth_perm; Type: FK CONSTRAINT; Schema: public; Owner: atlas_user
--

ALTER TABLE ONLY public.auth_user_user_permissions
    ADD CONSTRAINT auth_user_user_permi_permission_id_1fbb5f2c_fk_auth_perm FOREIGN KEY (permission_id) REFERENCES public.auth_permission(id) DEFERRABLE INITIALLY DEFERRED;


--
-- Name: auth_user_user_permissions auth_user_user_permissions_user_id_a95ead1b_fk_auth_user_id; Type: FK CONSTRAINT; Schema: public; Owner: atlas_user
--

ALTER TABLE ONLY public.auth_user_user_permissions
    ADD CONSTRAINT auth_user_user_permissions_user_id_a95ead1b_fk_auth_user_id FOREIGN KEY (user_id) REFERENCES public.auth_user(id) DEFERRABLE INITIALLY DEFERRED;


--
-- Name: django_admin_log django_admin_log_content_type_id_c4bce8eb_fk_django_co; Type: FK CONSTRAINT; Schema: public; Owner: atlas_user
--

ALTER TABLE ONLY public.django_admin_log
    ADD CONSTRAINT django_admin_log_content_type_id_c4bce8eb_fk_django_co FOREIGN KEY (content_type_id) REFERENCES public.django_content_type(id) DEFERRABLE INITIALLY DEFERRED;


--
-- Name: django_admin_log django_admin_log_user_id_c564eba6_fk_auth_user_id; Type: FK CONSTRAINT; Schema: public; Owner: atlas_user
--

ALTER TABLE ONLY public.django_admin_log
    ADD CONSTRAINT django_admin_log_user_id_c564eba6_fk_auth_user_id FOREIGN KEY (user_id) REFERENCES public.auth_user(id) DEFERRABLE INITIALLY DEFERRED;


--
-- Name: projects_project projects_project_owner_id_b940de39_fk_auth_user_id; Type: FK CONSTRAINT; Schema: public; Owner: atlas_user
--

ALTER TABLE ONLY public.projects_project
    ADD CONSTRAINT projects_project_owner_id_b940de39_fk_auth_user_id FOREIGN KEY (owner_id) REFERENCES public.auth_user(id) DEFERRABLE INITIALLY DEFERRED;


--
-- Name: refresh_token_refreshtoken refresh_token_refreshtoken_user_id_45383307_fk_auth_user_id; Type: FK CONSTRAINT; Schema: public; Owner: atlas_user
--

ALTER TABLE ONLY public.refresh_token_refreshtoken
    ADD CONSTRAINT refresh_token_refreshtoken_user_id_45383307_fk_auth_user_id FOREIGN KEY (user_id) REFERENCES public.auth_user(id) DEFERRABLE INITIALLY DEFERRED;


--
-- Name: tasks_action tasks_action_created_by_id_70c9ec16_fk_auth_user_id; Type: FK CONSTRAINT; Schema: public; Owner: atlas_user
--

ALTER TABLE ONLY public.tasks_action
    ADD CONSTRAINT tasks_action_created_by_id_70c9ec16_fk_auth_user_id FOREIGN KEY (created_by_id) REFERENCES public.auth_user(id) DEFERRABLE INITIALLY DEFERRED;


--
-- Name: tasks_action tasks_action_task_id_4ca84a62_fk_tasks_task_id; Type: FK CONSTRAINT; Schema: public; Owner: atlas_user
--

ALTER TABLE ONLY public.tasks_action
    ADD CONSTRAINT tasks_action_task_id_4ca84a62_fk_tasks_task_id FOREIGN KEY (task_id) REFERENCES public.tasks_task(id) DEFERRABLE INITIALLY DEFERRED;


--
-- Name: tasks_task tasks_task_created_by_id_1345568a_fk_auth_user_id; Type: FK CONSTRAINT; Schema: public; Owner: atlas_user
--

ALTER TABLE ONLY public.tasks_task
    ADD CONSTRAINT tasks_task_created_by_id_1345568a_fk_auth_user_id FOREIGN KEY (created_by_id) REFERENCES public.auth_user(id) DEFERRABLE INITIALLY DEFERRED;


--
-- Name: tasks_task tasks_task_project_id_a2815f0c_fk_projects_project_id; Type: FK CONSTRAINT; Schema: public; Owner: atlas_user
--

ALTER TABLE ONLY public.tasks_task
    ADD CONSTRAINT tasks_task_project_id_a2815f0c_fk_projects_project_id FOREIGN KEY (project_id) REFERENCES public.projects_project(id) DEFERRABLE INITIALLY DEFERRED;


--
-- PostgreSQL database dump complete
--

\unrestrict fHWUp28Ixzc8XvjcddZe0RhUGryG9k928FihyLXNvK1nt8riOZYhftYeV1dyIZB

